date_id,date,day,month,year,weekday,created_at
1,2022-01-01,1,1,2022,Saturday,2023-11-16 10:21:32.688375
2,2022-01-02,2,1,2022,Sunday,2023-11-09 10:21:32.688375
3,2022-01-03,3,1,2022,Monday,2024-01-16 10:21:32.688375
4,2022-01-04,4,1,2022,Tuesday,2023-12-07 10:21:32.688375
5,2022-01-05,5,1,2022,Wednesday,2024-05-13 10:21:32.688375
6,2022-01-06,6,1,2022,Thursday,2024-05-07 10:21:32.688375
7,2022-01-07,7,1,2022,Friday,2023-05-30 10:21:32.688375
8,2022-01-08,8,1,2022,Saturday,2023-11-11 10:21:32.688375
9,2022-01-09,9,1,2022,Sunday,2023-12-31 10:21:32.688375
10,2022-01-10,10,1,2022,Monday,2023-08-18 10:21:32.688375
11,2022-01-11,11,1,2022,Tuesday,2023-08-23 10:21:32.688375
12,2022-01-12,12,1,2022,Wednesday,2023-08-07 10:21:32.688375
13,2022-01-13,13,1,2022,Thursday,2024-03-09 10:21:32.688375
14,2022-01-14,14,1,2022,Friday,2023-07-13 10:21:32.688375
15,2022-01-15,15,1,2022,Saturday,2024-03-19 10:21:32.688375
16,2022-01-16,16,1,2022,Sunday,2023-10-11 10:21:32.688375
17,2022-01-17,17,1,2022,Monday,2023-10-22 10:21:32.688375
18,2022-01-18,18,1,2022,Tuesday,2024-04-27 10:21:32.688375
19,2022-01-19,19,1,2022,Wednesday,2023-06-21 10:21:32.688375
20,2022-01-20,20,1,2022,Thursday,2023-07-09 10:21:32.688375
21,2022-01-21,21,1,2022,Friday,2024-05-06 10:21:32.688375
22,2022-01-22,22,1,2022,Saturday,2024-01-22 10:21:32.688375
23,2022-01-23,23,1,2022,Sunday,2023-07-03 10:21:32.688375
24,2022-01-24,24,1,2022,Monday,2023-12-28 10:21:32.688375
25,2022-01-25,25,1,2022,Tuesday,2024-01-14 10:21:32.688375
26,2022-01-26,26,1,2022,Wednesday,2024-02-29 10:21:32.688375
27,2022-01-27,27,1,2022,Thursday,2023-07-07 10:21:32.688375
28,2022-01-28,28,1,2022,Friday,2023-06-14 10:21:32.688375
29,2022-01-29,29,1,2022,Saturday,2024-05-18 10:21:32.688375
30,2022-01-30,30,1,2022,Sunday,2023-08-16 10:21:32.688375
31,2022-01-31,31,1,2022,Monday,2023-10-29 10:21:32.688375
32,2022-02-01,1,2,2022,Tuesday,2024-01-05 10:21:32.688375
33,2022-02-02,2,2,2022,Wednesday,2023-06-01 10:21:32.688375
34,2022-02-03,3,2,2022,Thursday,2023-12-18 10:21:32.688375
35,2022-02-04,4,2,2022,Friday,2023-05-28 10:21:32.688375
36,2022-02-05,5,2,2022,Saturday,2023-10-15 10:21:32.688375
37,2022-02-06,6,2,2022,Sunday,2023-05-26 10:21:32.688375
38,2022-02-07,7,2,2022,Monday,2023-12-08 10:21:32.688375
39,2022-02-08,8,2,2022,Tuesday,2024-04-25 10:21:32.688375
40,2022-02-09,9,2,2022,Wednesday,2024-02-03 10:21:32.688375
41,2022-02-10,10,2,2022,Thursday,2023-11-06 10:21:32.688375
42,2022-02-11,11,2,2022,Friday,2024-05-12 10:21:32.688375
43,2022-02-12,12,2,2022,Saturday,2024-01-09 10:21:32.688375
44,2022-02-13,13,2,2022,Sunday,2023-12-12 10:21:32.688375
45,2022-02-14,14,2,2022,Monday,2023-06-29 10:21:32.688375
46,2022-02-15,15,2,2022,Tuesday,2023-08-14 10:21:32.688375
47,2022-02-16,16,2,2022,Wednesday,2023-12-28 10:21:32.688375
48,2022-02-17,17,2,2022,Thursday,2024-03-07 10:21:32.688375
49,2022-02-18,18,2,2022,Friday,2023-06-17 10:21:32.688375
50,2022-02-19,19,2,2022,Saturday,2024-01-16 10:21:32.688375
51,2022-02-20,20,2,2022,Sunday,2023-05-29 10:21:32.688375
52,2022-02-21,21,2,2022,Monday,2023-05-28 10:21:32.688375
53,2022-02-22,22,2,2022,Tuesday,2024-02-26 10:21:32.688375
54,2022-02-23,23,2,2022,Wednesday,2023-11-11 10:21:32.688375
55,2022-02-24,24,2,2022,Thursday,2023-10-02 10:21:32.688375
56,2022-02-25,25,2,2022,Friday,2024-04-06 10:21:32.688375
57,2022-02-26,26,2,2022,Saturday,2024-04-01 10:21:32.688375
58,2022-02-27,27,2,2022,Sunday,2023-08-05 10:21:32.688375
59,2022-02-28,28,2,2022,Monday,2023-07-18 10:21:32.688375
60,2022-03-01,1,3,2022,Tuesday,2023-08-16 10:21:32.688375
61,2022-03-02,2,3,2022,Wednesday,2023-10-10 10:21:32.688375
62,2022-03-03,3,3,2022,Thursday,2023-06-08 10:21:32.688375
63,2022-03-04,4,3,2022,Friday,2023-12-19 10:21:32.688375
64,2022-03-05,5,3,2022,Saturday,2024-02-23 10:21:32.688375
65,2022-03-06,6,3,2022,Sunday,2023-07-19 10:21:32.688375
66,2022-03-07,7,3,2022,Monday,2023-06-17 10:21:32.688375
67,2022-03-08,8,3,2022,Tuesday,2023-07-03 10:21:32.688375
68,2022-03-09,9,3,2022,Wednesday,2023-06-18 10:21:32.688375
69,2022-03-10,10,3,2022,Thursday,2024-05-20 10:21:32.688375
70,2022-03-11,11,3,2022,Friday,2023-12-31 10:21:32.688375
71,2022-03-12,12,3,2022,Saturday,2023-07-09 10:21:32.688375
72,2022-03-13,13,3,2022,Sunday,2023-09-13 10:21:32.688375
73,2022-03-14,14,3,2022,Monday,2024-03-06 10:21:32.688375
74,2022-03-15,15,3,2022,Tuesday,2023-07-23 10:21:32.688375
75,2022-03-16,16,3,2022,Wednesday,2024-02-23 10:21:32.688375
76,2022-03-17,17,3,2022,Thursday,2024-04-03 10:21:32.688375
77,2022-03-18,18,3,2022,Friday,2023-07-23 10:21:32.688375
78,2022-03-19,19,3,2022,Saturday,2023-07-23 10:21:32.688375
79,2022-03-20,20,3,2022,Sunday,2024-05-12 10:21:32.688375
80,2022-03-21,21,3,2022,Monday,2023-11-09 10:21:32.688375
81,2022-03-22,22,3,2022,Tuesday,2023-12-29 10:21:32.688375
82,2022-03-23,23,3,2022,Wednesday,2024-02-18 10:21:32.688375
83,2022-03-24,24,3,2022,Thursday,2023-11-14 10:21:32.688375
84,2022-03-25,25,3,2022,Friday,2023-11-04 10:21:32.688375
85,2022-03-26,26,3,2022,Saturday,2023-10-29 10:21:32.688375
86,2022-03-27,27,3,2022,Sunday,2024-04-28 10:21:32.688375
87,2022-03-28,28,3,2022,Monday,2023-08-03 10:21:32.688375
88,2022-03-29,29,3,2022,Tuesday,2023-09-19 10:21:32.688375
89,2022-03-30,30,3,2022,Wednesday,2023-09-17 10:21:32.688375
90,2022-03-31,31,3,2022,Thursday,2023-08-03 10:21:32.688375
91,2022-04-01,1,4,2022,Friday,2024-02-19 10:21:32.688375
92,2022-04-02,2,4,2022,Saturday,2023-10-23 10:21:32.688375
93,2022-04-03,3,4,2022,Sunday,2023-07-08 10:21:32.688375
94,2022-04-04,4,4,2022,Monday,2024-05-05 10:21:32.688375
95,2022-04-05,5,4,2022,Tuesday,2024-03-02 10:21:32.688375
96,2022-04-06,6,4,2022,Wednesday,2023-11-28 10:21:32.688375
97,2022-04-07,7,4,2022,Thursday,2023-08-30 10:21:32.688375
98,2022-04-08,8,4,2022,Friday,2024-01-11 10:21:32.688375
99,2022-04-09,9,4,2022,Saturday,2024-05-14 10:21:32.688375
100,2022-04-10,10,4,2022,Sunday,2023-11-11 10:21:32.688375
101,2022-04-11,11,4,2022,Monday,2024-04-08 10:21:32.688375
102,2022-04-12,12,4,2022,Tuesday,2023-10-19 10:21:32.688375
103,2022-04-13,13,4,2022,Wednesday,2024-03-26 10:21:32.688375
104,2022-04-14,14,4,2022,Thursday,2023-09-02 10:21:32.688375
105,2022-04-15,15,4,2022,Friday,2023-05-26 10:21:32.688375
106,2022-04-16,16,4,2022,Saturday,2024-01-05 10:21:32.688375
107,2022-04-17,17,4,2022,Sunday,2023-07-26 10:21:32.688375
108,2022-04-18,18,4,2022,Monday,2023-05-26 10:21:32.688375
109,2022-04-19,19,4,2022,Tuesday,2024-02-05 10:21:32.688375
110,2022-04-20,20,4,2022,Wednesday,2024-05-03 10:21:32.688375
111,2022-04-21,21,4,2022,Thursday,2023-11-29 10:21:32.688375
112,2022-04-22,22,4,2022,Friday,2023-08-21 10:21:32.688375
113,2022-04-23,23,4,2022,Saturday,2024-04-10 10:21:32.688375
114,2022-04-24,24,4,2022,Sunday,2023-08-29 10:21:32.688375
115,2022-04-25,25,4,2022,Monday,2024-03-18 10:21:32.688375
116,2022-04-26,26,4,2022,Tuesday,2024-04-14 10:21:32.688375
117,2022-04-27,27,4,2022,Wednesday,2023-10-17 10:21:32.688375
118,2022-04-28,28,4,2022,Thursday,2023-07-12 10:21:32.688375
119,2022-04-29,29,4,2022,Friday,2024-04-11 10:21:32.688375
120,2022-04-30,30,4,2022,Saturday,2023-12-01 10:21:32.688375
121,2022-05-01,1,5,2022,Sunday,2024-02-28 10:21:32.688375
122,2022-05-02,2,5,2022,Monday,2023-12-19 10:21:32.688375
123,2022-05-03,3,5,2022,Tuesday,2023-08-25 10:21:32.688375
124,2022-05-04,4,5,2022,Wednesday,2024-01-22 10:21:32.688375
125,2022-05-05,5,5,2022,Thursday,2024-05-07 10:21:32.688375
126,2022-05-06,6,5,2022,Friday,2023-08-31 10:21:32.688375
127,2022-05-07,7,5,2022,Saturday,2023-06-11 10:21:32.688375
128,2022-05-08,8,5,2022,Sunday,2023-07-23 10:21:32.688375
129,2022-05-09,9,5,2022,Monday,2023-11-18 10:21:32.688375
130,2022-05-10,10,5,2022,Tuesday,2023-07-08 10:21:32.688375
131,2022-05-11,11,5,2022,Wednesday,2024-04-15 10:21:32.688375
132,2022-05-12,12,5,2022,Thursday,2023-08-26 10:21:32.688375
133,2022-05-13,13,5,2022,Friday,2023-06-03 10:21:32.688375
134,2022-05-14,14,5,2022,Saturday,2024-03-30 10:21:32.688375
135,2022-05-15,15,5,2022,Sunday,2024-02-03 10:21:32.688375
136,2022-05-16,16,5,2022,Monday,2024-01-03 10:21:32.688375
137,2022-05-17,17,5,2022,Tuesday,2023-09-25 10:21:32.688375
138,2022-05-18,18,5,2022,Wednesday,2024-01-16 10:21:32.688375
139,2022-05-19,19,5,2022,Thursday,2023-08-17 10:21:32.688375
140,2022-05-20,20,5,2022,Friday,2024-05-15 10:21:32.688375
141,2022-05-21,21,5,2022,Saturday,2023-10-09 10:21:32.688375
142,2022-05-22,22,5,2022,Sunday,2023-09-28 10:21:32.688375
143,2022-05-23,23,5,2022,Monday,2023-10-06 10:21:32.688375
144,2022-05-24,24,5,2022,Tuesday,2023-11-20 10:21:32.688375
145,2022-05-25,25,5,2022,Wednesday,2024-05-11 10:21:32.688375
146,2022-05-26,26,5,2022,Thursday,2024-02-24 10:21:32.688375
147,2022-05-27,27,5,2022,Friday,2023-06-04 10:21:32.688375
148,2022-05-28,28,5,2022,Saturday,2023-08-31 10:21:32.688375
149,2022-05-29,29,5,2022,Sunday,2024-01-13 10:21:32.688375
150,2022-05-30,30,5,2022,Monday,2024-02-18 10:21:32.688375
151,2022-05-31,31,5,2022,Tuesday,2023-12-20 10:21:32.688375
152,2022-06-01,1,6,2022,Wednesday,2023-06-18 10:21:32.688375
153,2022-06-02,2,6,2022,Thursday,2023-07-08 10:21:32.688375
154,2022-06-03,3,6,2022,Friday,2024-04-01 10:21:32.688375
155,2022-06-04,4,6,2022,Saturday,2023-10-04 10:21:32.688375
156,2022-06-05,5,6,2022,Sunday,2023-12-07 10:21:32.688375
157,2022-06-06,6,6,2022,Monday,2024-01-02 10:21:32.688375
158,2022-06-07,7,6,2022,Tuesday,2023-08-31 10:21:32.688375
159,2022-06-08,8,6,2022,Wednesday,2023-07-01 10:21:32.688375
160,2022-06-09,9,6,2022,Thursday,2023-07-08 10:21:32.688375
161,2022-06-10,10,6,2022,Friday,2024-05-20 10:21:32.688375
162,2022-06-11,11,6,2022,Saturday,2023-10-20 10:21:32.688375
163,2022-06-12,12,6,2022,Sunday,2024-03-25 10:21:32.688375
164,2022-06-13,13,6,2022,Monday,2023-05-25 10:21:32.689323
165,2022-06-14,14,6,2022,Tuesday,2024-03-08 10:21:32.689323
166,2022-06-15,15,6,2022,Wednesday,2023-08-08 10:21:32.689323
167,2022-06-16,16,6,2022,Thursday,2023-08-09 10:21:32.689323
168,2022-06-17,17,6,2022,Friday,2024-05-18 10:21:32.689323
169,2022-06-18,18,6,2022,Saturday,2023-12-21 10:21:32.689323
170,2022-06-19,19,6,2022,Sunday,2024-02-01 10:21:32.689323
171,2022-06-20,20,6,2022,Monday,2023-10-18 10:21:32.689323
172,2022-06-21,21,6,2022,Tuesday,2024-04-28 10:21:32.689323
173,2022-06-22,22,6,2022,Wednesday,2023-11-12 10:21:32.689323
174,2022-06-23,23,6,2022,Thursday,2023-06-02 10:21:32.689323
175,2022-06-24,24,6,2022,Friday,2024-03-05 10:21:32.689323
176,2022-06-25,25,6,2022,Saturday,2024-04-25 10:21:32.689323
177,2022-06-26,26,6,2022,Sunday,2023-12-12 10:21:32.689323
178,2022-06-27,27,6,2022,Monday,2024-02-06 10:21:32.689323
179,2022-06-28,28,6,2022,Tuesday,2024-05-12 10:21:32.689323
180,2022-06-29,29,6,2022,Wednesday,2024-03-19 10:21:32.689323
181,2022-06-30,30,6,2022,Thursday,2024-01-31 10:21:32.689323
182,2022-07-01,1,7,2022,Friday,2023-06-18 10:21:32.689323
183,2022-07-02,2,7,2022,Saturday,2024-01-27 10:21:32.689323
184,2022-07-03,3,7,2022,Sunday,2024-03-19 10:21:32.689323
185,2022-07-04,4,7,2022,Monday,2023-05-31 10:21:32.689323
186,2022-07-05,5,7,2022,Tuesday,2023-11-28 10:21:32.689323
187,2022-07-06,6,7,2022,Wednesday,2024-02-22 10:21:32.689323
188,2022-07-07,7,7,2022,Thursday,2024-03-08 10:21:32.689323
189,2022-07-08,8,7,2022,Friday,2023-12-31 10:21:32.689323
190,2022-07-09,9,7,2022,Saturday,2023-07-15 10:21:32.689323
191,2022-07-10,10,7,2022,Sunday,2023-08-14 10:21:32.689323
192,2022-07-11,11,7,2022,Monday,2023-09-14 10:21:32.689323
193,2022-07-12,12,7,2022,Tuesday,2023-10-16 10:21:32.689323
194,2022-07-13,13,7,2022,Wednesday,2023-11-03 10:21:32.689323
195,2022-07-14,14,7,2022,Thursday,2024-01-16 10:21:32.689323
196,2022-07-15,15,7,2022,Friday,2023-12-17 10:21:32.689323
197,2022-07-16,16,7,2022,Saturday,2024-03-09 10:21:32.689323
198,2022-07-17,17,7,2022,Sunday,2023-11-24 10:21:32.689323
199,2022-07-18,18,7,2022,Monday,2023-12-07 10:21:32.689323
200,2022-07-19,19,7,2022,Tuesday,2023-10-17 10:21:32.689323
201,2022-07-20,20,7,2022,Wednesday,2024-04-17 10:21:32.689323
202,2022-07-21,21,7,2022,Thursday,2024-04-27 10:21:32.689323
203,2022-07-22,22,7,2022,Friday,2023-12-16 10:21:32.689323
204,2022-07-23,23,7,2022,Saturday,2023-11-08 10:21:32.689323
205,2022-07-24,24,7,2022,Sunday,2023-11-15 10:21:32.689323
206,2022-07-25,25,7,2022,Monday,2023-10-22 10:21:32.689323
207,2022-07-26,26,7,2022,Tuesday,2023-06-18 10:21:32.689323
208,2022-07-27,27,7,2022,Wednesday,2023-07-19 10:21:32.689323
209,2022-07-28,28,7,2022,Thursday,2024-03-28 10:21:32.689323
210,2022-07-29,29,7,2022,Friday,2024-03-28 10:21:32.689323
211,2022-07-30,30,7,2022,Saturday,2023-08-07 10:21:32.689323
212,2022-07-31,31,7,2022,Sunday,2024-04-23 10:21:32.689323
213,2022-08-01,1,8,2022,Monday,2023-12-14 10:21:32.689323
214,2022-08-02,2,8,2022,Tuesday,2023-06-18 10:21:32.689323
215,2022-08-03,3,8,2022,Wednesday,2024-01-06 10:21:32.689323
216,2022-08-04,4,8,2022,Thursday,2023-12-04 10:21:32.689323
217,2022-08-05,5,8,2022,Friday,2024-02-06 10:21:32.689323
218,2022-08-06,6,8,2022,Saturday,2024-01-25 10:21:32.689323
219,2022-08-07,7,8,2022,Sunday,2023-12-26 10:21:32.689323
220,2022-08-08,8,8,2022,Monday,2024-04-15 10:21:32.689323
221,2022-08-09,9,8,2022,Tuesday,2023-09-14 10:21:32.689323
222,2022-08-10,10,8,2022,Wednesday,2023-09-15 10:21:32.689323
223,2022-08-11,11,8,2022,Thursday,2024-05-09 10:21:32.689323
224,2022-08-12,12,8,2022,Friday,2024-01-02 10:21:32.689323
225,2022-08-13,13,8,2022,Saturday,2024-05-14 10:21:32.689323
226,2022-08-14,14,8,2022,Sunday,2023-09-19 10:21:32.689323
227,2022-08-15,15,8,2022,Monday,2024-03-12 10:21:32.689323
228,2022-08-16,16,8,2022,Tuesday,2023-06-18 10:21:32.689323
229,2022-08-17,17,8,2022,Wednesday,2023-05-27 10:21:32.689323
230,2022-08-18,18,8,2022,Thursday,2024-02-06 10:21:32.689323
231,2022-08-19,19,8,2022,Friday,2023-07-12 10:21:32.689323
232,2022-08-20,20,8,2022,Saturday,2023-07-25 10:21:32.689323
233,2022-08-21,21,8,2022,Sunday,2023-08-05 10:21:32.689323
234,2022-08-22,22,8,2022,Monday,2023-07-09 10:21:32.689323
235,2022-08-23,23,8,2022,Tuesday,2023-12-17 10:21:32.689437
236,2022-08-24,24,8,2022,Wednesday,2024-01-10 10:21:32.689437
237,2022-08-25,25,8,2022,Thursday,2023-11-04 10:21:32.689437
238,2022-08-26,26,8,2022,Friday,2023-10-28 10:21:32.689437
239,2022-08-27,27,8,2022,Saturday,2024-03-02 10:21:32.689437
240,2022-08-28,28,8,2022,Sunday,2024-02-06 10:21:32.689437
241,2022-08-29,29,8,2022,Monday,2023-10-11 10:21:32.689437
242,2022-08-30,30,8,2022,Tuesday,2023-11-08 10:21:32.689437
243,2022-08-31,31,8,2022,Wednesday,2023-09-26 10:21:32.689437
244,2022-09-01,1,9,2022,Thursday,2023-08-11 10:21:32.689437
245,2022-09-02,2,9,2022,Friday,2023-11-22 10:21:32.689437
246,2022-09-03,3,9,2022,Saturday,2023-10-20 10:21:32.689437
247,2022-09-04,4,9,2022,Sunday,2023-07-19 10:21:32.689437
248,2022-09-05,5,9,2022,Monday,2023-08-09 10:21:32.689437
249,2022-09-06,6,9,2022,Tuesday,2023-08-18 10:21:32.689437
250,2022-09-07,7,9,2022,Wednesday,2024-04-09 10:21:32.689437
251,2022-09-08,8,9,2022,Thursday,2024-03-04 10:21:32.689437
252,2022-09-09,9,9,2022,Friday,2024-03-29 10:21:32.689437
253,2022-09-10,10,9,2022,Saturday,2023-11-28 10:21:32.689437
254,2022-09-11,11,9,2022,Sunday,2023-07-07 10:21:32.689437
255,2022-09-12,12,9,2022,Monday,2023-12-12 10:21:32.689437
256,2022-09-13,13,9,2022,Tuesday,2023-12-31 10:21:32.689437
257,2022-09-14,14,9,2022,Wednesday,2024-02-17 10:21:32.689437
258,2022-09-15,15,9,2022,Thursday,2023-07-11 10:21:32.689437
259,2022-09-16,16,9,2022,Friday,2023-11-20 10:21:32.689437
260,2022-09-17,17,9,2022,Saturday,2023-09-05 10:21:32.689437
261,2022-09-18,18,9,2022,Sunday,2024-05-09 10:21:32.689437
262,2022-09-19,19,9,2022,Monday,2023-12-27 10:21:32.689437
263,2022-09-20,20,9,2022,Tuesday,2024-03-19 10:21:32.689437
264,2022-09-21,21,9,2022,Wednesday,2024-02-19 10:21:32.689437
265,2022-09-22,22,9,2022,Thursday,2024-04-17 10:21:32.689437
266,2022-09-23,23,9,2022,Friday,2024-02-06 10:21:32.689437
267,2022-09-24,24,9,2022,Saturday,2023-08-31 10:21:32.689437
268,2022-09-25,25,9,2022,Sunday,2024-04-04 10:21:32.689437
269,2022-09-26,26,9,2022,Monday,2023-12-11 10:21:32.689437
270,2022-09-27,27,9,2022,Tuesday,2023-08-16 10:21:32.689437
271,2022-09-28,28,9,2022,Wednesday,2024-02-25 10:21:32.689437
272,2022-09-29,29,9,2022,Thursday,2024-04-16 10:21:32.689437
273,2022-09-30,30,9,2022,Friday,2024-01-08 10:21:32.689437
274,2022-10-01,1,10,2022,Saturday,2024-04-28 10:21:32.689437
275,2022-10-02,2,10,2022,Sunday,2023-10-02 10:21:32.689437
276,2022-10-03,3,10,2022,Monday,2024-03-22 10:21:32.689437
277,2022-10-04,4,10,2022,Tuesday,2023-10-12 10:21:32.689437
278,2022-10-05,5,10,2022,Wednesday,2024-01-23 10:21:32.689437
279,2022-10-06,6,10,2022,Thursday,2023-08-11 10:21:32.689437
280,2022-10-07,7,10,2022,Friday,2023-06-07 10:21:32.689437
281,2022-10-08,8,10,2022,Saturday,2024-04-21 10:21:32.689437
282,2022-10-09,9,10,2022,Sunday,2023-09-04 10:21:32.689437
283,2022-10-10,10,10,2022,Monday,2024-05-05 10:21:32.689437
284,2022-10-11,11,10,2022,Tuesday,2024-01-09 10:21:32.689437
285,2022-10-12,12,10,2022,Wednesday,2023-09-25 10:21:32.689437
286,2022-10-13,13,10,2022,Thursday,2023-10-13 10:21:32.689437
287,2022-10-14,14,10,2022,Friday,2023-11-26 10:21:32.689437
288,2022-10-15,15,10,2022,Saturday,2023-07-09 10:21:32.689437
289,2022-10-16,16,10,2022,Sunday,2024-05-17 10:21:32.689437
290,2022-10-17,17,10,2022,Monday,2023-07-24 10:21:32.689437
291,2022-10-18,18,10,2022,Tuesday,2023-07-21 10:21:32.689437
292,2022-10-19,19,10,2022,Wednesday,2024-02-17 10:21:32.689437
293,2022-10-20,20,10,2022,Thursday,2023-07-29 10:21:32.689437
294,2022-10-21,21,10,2022,Friday,2023-07-08 10:21:32.689437
295,2022-10-22,22,10,2022,Saturday,2024-04-02 10:21:32.689437
296,2022-10-23,23,10,2022,Sunday,2023-10-12 10:21:32.689437
297,2022-10-24,24,10,2022,Monday,2024-01-21 10:21:32.689437
298,2022-10-25,25,10,2022,Tuesday,2023-12-09 10:21:32.689437
299,2022-10-26,26,10,2022,Wednesday,2024-02-22 10:21:32.689437
300,2022-10-27,27,10,2022,Thursday,2023-06-03 10:21:32.689437
301,2022-10-28,28,10,2022,Friday,2024-03-14 10:21:32.689437
302,2022-10-29,29,10,2022,Saturday,2024-05-01 10:21:32.689437
303,2022-10-30,30,10,2022,Sunday,2023-08-08 10:21:32.689437
304,2022-10-31,31,10,2022,Monday,2023-09-30 10:21:32.689437
305,2022-11-01,1,11,2022,Tuesday,2024-05-08 10:21:32.689437
306,2022-11-02,2,11,2022,Wednesday,2024-02-03 10:21:32.689437
307,2022-11-03,3,11,2022,Thursday,2024-03-22 10:21:32.689437
308,2022-11-04,4,11,2022,Friday,2024-03-16 10:21:32.689437
309,2022-11-05,5,11,2022,Saturday,2023-09-17 10:21:32.689437
310,2022-11-06,6,11,2022,Sunday,2024-03-13 10:21:32.689437
311,2022-11-07,7,11,2022,Monday,2024-04-09 10:21:32.689437
312,2022-11-08,8,11,2022,Tuesday,2023-10-15 10:21:32.689437
313,2022-11-09,9,11,2022,Wednesday,2023-07-28 10:21:32.689437
314,2022-11-10,10,11,2022,Thursday,2024-03-10 10:21:32.689437
315,2022-11-11,11,11,2022,Friday,2023-06-01 10:21:32.689437
316,2022-11-12,12,11,2022,Saturday,2023-09-23 10:21:32.689437
317,2022-11-13,13,11,2022,Sunday,2023-09-20 10:21:32.689437
318,2022-11-14,14,11,2022,Monday,2024-03-29 10:21:32.689437
319,2022-11-15,15,11,2022,Tuesday,2023-10-05 10:21:32.689437
320,2022-11-16,16,11,2022,Wednesday,2023-07-22 10:21:32.689437
321,2022-11-17,17,11,2022,Thursday,2024-02-25 10:21:32.689437
322,2022-11-18,18,11,2022,Friday,2023-12-29 10:21:32.689437
323,2022-11-19,19,11,2022,Saturday,2023-08-20 10:21:32.689437
324,2022-11-20,20,11,2022,Sunday,2024-02-29 10:21:32.689437
325,2022-11-21,21,11,2022,Monday,2023-07-10 10:21:32.689437
326,2022-11-22,22,11,2022,Tuesday,2023-10-09 10:21:32.689437
327,2022-11-23,23,11,2022,Wednesday,2023-10-02 10:21:32.689437
328,2022-11-24,24,11,2022,Thursday,2023-09-13 10:21:32.689437
329,2022-11-25,25,11,2022,Friday,2023-09-27 10:21:32.689437
330,2022-11-26,26,11,2022,Saturday,2024-05-15 10:21:32.689437
331,2022-11-27,27,11,2022,Sunday,2024-04-16 10:21:32.689437
332,2022-11-28,28,11,2022,Monday,2023-06-30 10:21:32.689437
333,2022-11-29,29,11,2022,Tuesday,2023-12-27 10:21:32.689437
334,2022-11-30,30,11,2022,Wednesday,2024-04-10 10:21:32.689437
335,2022-12-01,1,12,2022,Thursday,2024-02-28 10:21:32.689437
336,2022-12-02,2,12,2022,Friday,2024-01-09 10:21:32.689437
337,2022-12-03,3,12,2022,Saturday,2023-10-16 10:21:32.689437
338,2022-12-04,4,12,2022,Sunday,2024-05-21 10:21:32.689437
339,2022-12-05,5,12,2022,Monday,2023-09-11 10:21:32.689437
340,2022-12-06,6,12,2022,Tuesday,2023-12-02 10:21:32.689437
341,2022-12-07,7,12,2022,Wednesday,2024-03-29 10:21:32.689437
342,2022-12-08,8,12,2022,Thursday,2023-07-23 10:21:32.689437
343,2022-12-09,9,12,2022,Friday,2024-04-02 10:21:32.689437
344,2022-12-10,10,12,2022,Saturday,2024-04-06 10:21:32.689437
345,2022-12-11,11,12,2022,Sunday,2024-05-16 10:21:32.689437
346,2022-12-12,12,12,2022,Monday,2024-03-14 10:21:32.689437
347,2022-12-13,13,12,2022,Tuesday,2023-09-08 10:21:32.689437
348,2022-12-14,14,12,2022,Wednesday,2023-08-07 10:21:32.689437
349,2022-12-15,15,12,2022,Thursday,2023-11-04 10:21:32.689437
350,2022-12-16,16,12,2022,Friday,2024-01-28 10:21:32.689437
351,2022-12-17,17,12,2022,Saturday,2023-11-06 10:21:32.689437
352,2022-12-18,18,12,2022,Sunday,2023-10-23 10:21:32.689437
353,2022-12-19,19,12,2022,Monday,2023-05-24 10:21:32.689437
354,2022-12-20,20,12,2022,Tuesday,2024-04-20 10:21:32.689437
355,2022-12-21,21,12,2022,Wednesday,2024-01-15 10:21:32.689437
356,2022-12-22,22,12,2022,Thursday,2024-01-09 10:21:32.689437
357,2022-12-23,23,12,2022,Friday,2024-04-12 10:21:32.689437
358,2022-12-24,24,12,2022,Saturday,2024-05-13 10:21:32.689437
359,2022-12-25,25,12,2022,Sunday,2023-06-03 10:21:32.689437
360,2022-12-26,26,12,2022,Monday,2023-09-13 10:21:32.689437
361,2022-12-27,27,12,2022,Tuesday,2023-10-31 10:21:32.689437
362,2022-12-28,28,12,2022,Wednesday,2023-11-14 10:21:32.689437
363,2022-12-29,29,12,2022,Thursday,2024-02-15 10:21:32.689437
364,2022-12-30,30,12,2022,Friday,2024-05-18 10:21:32.689437
365,2022-12-31,31,12,2022,Saturday,2024-02-21 10:21:32.689437
366,2023-01-01,1,1,2023,Sunday,2024-03-31 10:21:32.689437
