transaction_id,date_id,account_id,transaction_type_id,amount,created_at
1,2,2,2,28.85,2024-05-22 10:21:32.713080
2,3,3,3,53.2,2024-05-21 10:21:32.713080
3,4,4,4,1.47,2024-05-20 10:21:32.713080
4,5,5,1,4.32,2024-05-19 10:21:32.713080
5,6,6,2,85.2,2024-05-18 10:21:32.713080
6,7,7,3,15.85,2024-05-17 10:21:32.713080
7,8,8,4,90.6,2024-05-16 10:21:32.713080
8,9,9,1,61.25,2024-05-15 10:21:32.713080
9,10,10,2,93.6,2024-05-14 10:21:32.713080
10,11,11,3,11.26,2024-05-13 10:21:32.713080
11,12,12,4,38.6,2024-05-12 10:21:32.713080
12,13,13,1,46.47,2024-05-11 10:21:32.713080
13,14,14,2,86.05,2024-05-10 10:21:32.713080
14,15,15,3,13.42,2024-05-09 10:21:32.713080
15,16,16,4,83.43,2024-05-08 10:21:32.713080
16,17,17,1,53.93,2024-05-07 10:21:32.713080
17,18,18,2,76.87,2024-05-06 10:21:32.713080
18,19,19,3,67.34,2024-05-05 10:21:32.713080
19,20,20,4,34.37,2024-05-04 10:21:32.713080
20,21,21,1,57.73,2024-05-03 10:21:32.713080
21,22,22,2,17.39,2024-05-02 10:21:32.713080
22,23,23,3,23.95,2024-05-01 10:21:32.713080
23,24,24,4,99.76,2024-04-30 10:21:32.713080
24,25,25,1,81.63,2024-04-29 10:21:32.713080
25,26,26,2,4.31,2024-04-28 10:21:32.713080
26,27,27,3,38.7,2024-04-27 10:21:32.713080
27,28,28,4,99.36,2024-04-26 10:21:32.713080
28,29,29,1,16.35,2024-04-25 10:21:32.713080
29,30,30,2,72.68,2024-04-24 10:21:32.713080
30,31,31,3,2.46,2024-05-23 10:21:32.713080
31,32,32,4,6.16,2024-05-22 10:21:32.713080
32,33,33,1,11.59,2024-05-21 10:21:32.713080
33,34,34,2,5.9,2024-05-20 10:21:32.713080
34,35,35,3,94.75,2024-05-19 10:21:32.713080
35,36,36,4,57.67,2024-05-18 10:21:32.713080
36,37,37,1,17.48,2024-05-17 10:21:32.713080
37,38,38,2,47.46,2024-05-16 10:21:32.713080
38,39,39,3,17.73,2024-05-15 10:21:32.713080
39,40,40,4,13.66,2024-05-14 10:21:32.713080
40,41,41,1,59.32,2024-05-13 10:21:32.713080
41,42,42,2,73.16,2024-05-12 10:21:32.713080
42,43,43,3,66.61,2024-05-11 10:21:32.713080
43,44,44,4,50.36,2024-05-10 10:21:32.713080
44,45,45,1,10.07,2024-05-09 10:21:32.713080
45,46,46,2,44.5,2024-05-08 10:21:32.713080
46,47,47,3,85.73,2024-05-07 10:21:32.713080
47,48,48,4,99.82,2024-05-06 10:21:32.713080
48,49,49,1,3.66,2024-05-05 10:21:32.713080
49,50,50,2,59.91,2024-05-04 10:21:32.713080
50,51,51,3,40.48,2024-05-03 10:21:32.713080
51,52,52,4,13.53,2024-05-02 10:21:32.713080
52,53,53,1,38.81,2024-05-01 10:21:32.713080
53,54,54,2,73.24,2024-04-30 10:21:32.713080
54,55,55,3,32.41,2024-04-29 10:21:32.713080
55,56,56,4,94.67,2024-04-28 10:21:32.713080
56,57,57,1,32.47,2024-04-27 10:21:32.713080
57,58,58,2,87.91,2024-04-26 10:21:32.713080
58,59,59,3,87.98,2024-04-25 10:21:32.713080
59,60,60,4,12.06,2024-04-24 10:21:32.713080
60,61,61,1,14.66,2024-05-23 10:21:32.713080
61,62,62,2,43.51,2024-05-22 10:21:32.713080
62,63,63,3,35.25,2024-05-21 10:21:32.713080
63,64,64,4,82.24,2024-05-20 10:21:32.713080
64,65,65,1,12.49,2024-05-19 10:21:32.713080
65,66,66,2,33.83,2024-05-18 10:21:32.713080
66,67,67,3,36.45,2024-05-17 10:21:32.713080
67,68,68,4,93.09,2024-05-16 10:21:32.713080
68,69,69,1,76.99,2024-05-15 10:21:32.713080
69,70,70,2,83.82,2024-05-14 10:21:32.713080
70,71,71,3,62.19,2024-05-13 10:21:32.713080
71,72,72,4,54.67,2024-05-12 10:21:32.713080
72,73,73,1,55.56,2024-05-11 10:21:32.713080
73,74,74,2,99.12,2024-05-10 10:21:32.713080
74,75,75,3,0.98,2024-05-09 10:21:32.713080
75,76,76,4,71.22,2024-05-08 10:21:32.713080
76,77,77,1,0.53,2024-05-07 10:21:32.713080
77,78,78,2,80.95,2024-05-06 10:21:32.713080
78,79,79,3,59.14,2024-05-05 10:21:32.713080
79,80,80,4,18.09,2024-05-04 10:21:32.713080
80,81,81,1,52.17,2024-05-03 10:21:32.713080
81,82,82,2,65.58,2024-05-02 10:21:32.713080
82,83,83,3,44.77,2024-05-01 10:21:32.713080
83,84,84,4,40.34,2024-04-30 10:21:32.713080
84,85,85,1,12.75,2024-04-29 10:21:32.713080
85,86,86,2,19.15,2024-04-28 10:21:32.713080
86,87,87,3,38.86,2024-04-27 10:21:32.713080
87,88,88,4,19.23,2024-04-26 10:21:32.713080
88,89,89,1,77.68,2024-04-25 10:21:32.713080
89,90,90,2,97.01,2024-04-24 10:21:32.713080
90,91,91,3,20.77,2024-05-23 10:21:32.713080
91,92,92,4,49.0,2024-05-22 10:21:32.713080
92,93,93,1,64.13,2024-05-21 10:21:32.713080
93,94,94,2,4.31,2024-05-20 10:21:32.713080
94,95,95,3,1.37,2024-05-19 10:21:32.713080
95,96,96,4,87.49,2024-05-18 10:21:32.713080
96,97,97,1,19.07,2024-05-17 10:21:32.713080
97,98,98,2,68.49,2024-05-16 10:21:32.713080
98,99,99,3,14.79,2024-05-15 10:21:32.713080
99,100,100,4,17.01,2024-05-14 10:21:32.713080
100,101,1,1,38.33,2024-05-13 10:21:32.713080
101,102,2,2,50.63,2024-05-12 10:21:32.713080
102,103,3,3,64.69,2024-05-11 10:21:32.713080
103,104,4,4,82.97,2024-05-10 10:21:32.713080
104,105,5,1,78.51,2024-05-09 10:21:32.713080
105,106,6,2,18.64,2024-05-08 10:21:32.713080
106,107,7,3,53.25,2024-05-07 10:21:32.713080
107,108,8,4,14.83,2024-05-06 10:21:32.713080
108,109,9,1,71.91,2024-05-05 10:21:32.713080
109,110,10,2,5.85,2024-05-04 10:21:32.713080
110,111,11,3,75.09,2024-05-03 10:21:32.713080
111,112,12,4,96.1,2024-05-02 10:21:32.713080
112,113,13,1,63.59,2024-05-01 10:21:32.713080
113,114,14,2,9.86,2024-04-30 10:21:32.713080
114,115,15,3,78.28,2024-04-29 10:21:32.713080
115,116,16,4,52.02,2024-04-28 10:21:32.713080
116,117,17,1,24.31,2024-04-27 10:21:32.713080
117,118,18,2,71.21,2024-04-26 10:21:32.713080
118,119,19,3,90.68,2024-04-25 10:21:32.713080
119,120,20,4,11.25,2024-04-24 10:21:32.713080
120,121,21,1,73.75,2024-05-23 10:21:32.713080
121,122,22,2,42.41,2024-05-22 10:21:32.713080
122,123,23,3,29.55,2024-05-21 10:21:32.713080
123,124,24,4,28.4,2024-05-20 10:21:32.713080
124,125,25,1,75.72,2024-05-19 10:21:32.713080
125,126,26,2,42.4,2024-05-18 10:21:32.713080
126,127,27,3,20.43,2024-05-17 10:21:32.713080
127,128,28,4,73.85,2024-05-16 10:21:32.713080
128,129,29,1,44.85,2024-05-15 10:21:32.713080
129,130,30,2,58.19,2024-05-14 10:21:32.713080
130,131,31,3,52.32,2024-05-13 10:21:32.713080
131,132,32,4,8.54,2024-05-12 10:21:32.713080
132,133,33,1,49.89,2024-05-11 10:21:32.713080
133,134,34,2,83.67,2024-05-10 10:21:32.713080
134,135,35,3,9.77,2024-05-09 10:21:32.713080
135,136,36,4,85.55,2024-05-08 10:21:32.713080
136,137,37,1,1.94,2024-05-07 10:21:32.713080
137,138,38,2,10.51,2024-05-06 10:21:32.713080
138,139,39,3,0.17,2024-05-05 10:21:32.713080
139,140,40,4,77.13,2024-05-04 10:21:32.713080
140,141,41,1,61.45,2024-05-03 10:21:32.713080
141,142,42,2,29.12,2024-05-02 10:21:32.713080
142,143,43,3,82.82,2024-05-01 10:21:32.713080
143,144,44,4,22.19,2024-04-30 10:21:32.713080
144,145,45,1,12.95,2024-04-29 10:21:32.713080
145,146,46,2,16.29,2024-04-28 10:21:32.713080
146,147,47,3,36.28,2024-04-27 10:21:32.713080
147,148,48,4,65.53,2024-04-26 10:21:32.713080
148,149,49,1,86.72,2024-04-25 10:21:32.713080
149,150,50,2,85.95,2024-04-24 10:21:32.713080
150,151,51,3,98.37,2024-05-23 10:21:32.713080
151,152,52,4,85.35,2024-05-22 10:21:32.713080
152,153,53,1,45.92,2024-05-21 10:21:32.713080
153,154,54,2,37.04,2024-05-20 10:21:32.713080
154,155,55,3,35.94,2024-05-19 10:21:32.713080
155,156,56,4,98.46,2024-05-18 10:21:32.713080
156,157,57,1,70.83,2024-05-17 10:21:32.713080
157,158,58,2,64.3,2024-05-16 10:21:32.713080
158,159,59,3,4.74,2024-05-15 10:21:32.713080
159,160,60,4,10.88,2024-05-14 10:21:32.713080
160,161,61,1,77.64,2024-05-13 10:21:32.713080
161,162,62,2,81.45,2024-05-12 10:21:32.713080
162,163,63,3,61.86,2024-05-11 10:21:32.713080
163,164,64,4,15.98,2024-05-10 10:21:32.713080
164,165,65,1,36.65,2024-05-09 10:21:32.713080
165,166,66,2,29.04,2024-05-08 10:21:32.713080
166,167,67,3,95.21,2024-05-07 10:21:32.713080
167,168,68,4,11.24,2024-05-06 10:21:32.713080
168,169,69,1,77.21,2024-05-05 10:21:32.713080
169,170,70,2,70.24,2024-05-04 10:21:32.713080
170,171,71,3,78.36,2024-05-03 10:21:32.713080
171,172,72,4,74.27,2024-05-02 10:21:32.713080
172,173,73,1,88.08,2024-05-01 10:21:32.713080
173,174,74,2,73.69,2024-04-30 10:21:32.713080
174,175,75,3,79.57,2024-04-29 10:21:32.713080
175,176,76,4,74.89,2024-04-28 10:21:32.713080
176,177,77,1,91.06,2024-04-27 10:21:32.713080
177,178,78,2,73.3,2024-04-26 10:21:32.713080
178,179,79,3,60.5,2024-04-25 10:21:32.713080
179,180,80,4,84.96,2024-04-24 10:21:32.713080
180,181,81,1,52.45,2024-05-23 10:21:32.713080
181,182,82,2,19.91,2024-05-22 10:21:32.713080
182,183,83,3,72.71,2024-05-21 10:21:32.713080
183,184,84,4,33.96,2024-05-20 10:21:32.713080
184,185,85,1,23.58,2024-05-19 10:21:32.713080
185,186,86,2,48.62,2024-05-18 10:21:32.713080
186,187,87,3,81.1,2024-05-17 10:21:32.713080
187,188,88,4,21.34,2024-05-16 10:21:32.713080
188,189,89,1,42.05,2024-05-15 10:21:32.713080
189,190,90,2,86.22,2024-05-14 10:21:32.713080
190,191,91,3,94.43,2024-05-13 10:21:32.713080
191,192,92,4,25.41,2024-05-12 10:21:32.713080
192,193,93,1,59.17,2024-05-11 10:21:32.713080
193,194,94,2,8.85,2024-05-10 10:21:32.713080
194,195,95,3,30.12,2024-05-09 10:21:32.713080
195,196,96,4,27.87,2024-05-08 10:21:32.713080
196,197,97,1,38.54,2024-05-07 10:21:32.713080
197,198,98,2,79.78,2024-05-06 10:21:32.713080
198,199,99,3,19.81,2024-05-05 10:21:32.713080
199,200,100,4,86.13,2024-05-04 10:21:32.713080
200,201,1,1,33.54,2024-05-03 10:21:32.713080
201,202,2,2,57.09,2024-05-02 10:21:32.713080
202,203,3,3,18.0,2024-05-01 10:21:32.713080
203,204,4,4,26.65,2024-04-30 10:21:32.713080
204,205,5,1,71.65,2024-04-29 10:21:32.713080
205,206,6,2,95.37,2024-04-28 10:21:32.713080
206,207,7,3,23.79,2024-04-27 10:21:32.713080
207,208,8,4,33.58,2024-04-26 10:21:32.713080
208,209,9,1,43.28,2024-04-25 10:21:32.713080
209,210,10,2,58.02,2024-04-24 10:21:32.713080
210,211,11,3,45.24,2024-05-23 10:21:32.713080
211,212,12,4,1.14,2024-05-22 10:21:32.713080
212,213,13,1,49.11,2024-05-21 10:21:32.713080
213,214,14,2,83.05,2024-05-20 10:21:32.713080
214,215,15,3,64.27,2024-05-19 10:21:32.713080
215,216,16,4,54.72,2024-05-18 10:21:32.713080
216,217,17,1,47.65,2024-05-17 10:21:32.713080
217,218,18,2,94.25,2024-05-16 10:21:32.713080
218,219,19,3,4.29,2024-05-15 10:21:32.713080
219,220,20,4,22.73,2024-05-14 10:21:32.713080
220,221,21,1,12.22,2024-05-13 10:21:32.713080
221,222,22,2,88.05,2024-05-12 10:21:32.713080
222,223,23,3,78.79,2024-05-11 10:21:32.713080
223,224,24,4,37.05,2024-05-10 10:21:32.713080
224,225,25,1,55.48,2024-05-09 10:21:32.713080
225,226,26,2,39.46,2024-05-08 10:21:32.713080
226,227,27,3,74.16,2024-05-07 10:21:32.713080
227,228,28,4,88.95,2024-05-06 10:21:32.713080
228,229,29,1,43.21,2024-05-05 10:21:32.713080
229,230,30,2,4.67,2024-05-04 10:21:32.713080
230,231,31,3,61.09,2024-05-03 10:21:32.713080
231,232,32,4,33.47,2024-05-02 10:21:32.713080
232,233,33,1,65.16,2024-05-01 10:21:32.713080
233,234,34,2,32.67,2024-04-30 10:21:32.713080
234,235,35,3,66.92,2024-04-29 10:21:32.713080
235,236,36,4,99.57,2024-04-28 10:21:32.713080
236,237,37,1,77.17,2024-04-27 10:21:32.713080
237,238,38,2,63.01,2024-04-26 10:21:32.713080
238,239,39,3,50.19,2024-04-25 10:21:32.713080
239,240,40,4,57.76,2024-04-24 10:21:32.713080
240,241,41,1,73.64,2024-05-23 10:21:32.713080
241,242,42,2,27.77,2024-05-22 10:21:32.713080
242,243,43,3,84.67,2024-05-21 10:21:32.713080
243,244,44,4,58.83,2024-05-20 10:21:32.713080
244,245,45,1,5.89,2024-05-19 10:21:32.713080
245,246,46,2,34.31,2024-05-18 10:21:32.713080
246,247,47,3,15.24,2024-05-17 10:21:32.713080
247,248,48,4,13.8,2024-05-16 10:21:32.713080
248,249,49,1,0.91,2024-05-15 10:21:32.713080
249,250,50,2,21.24,2024-05-14 10:21:32.713080
250,251,51,3,16.28,2024-05-13 10:21:32.713080
251,252,52,4,42.42,2024-05-12 10:21:32.713080
252,253,53,1,46.71,2024-05-11 10:21:32.713080
253,254,54,2,28.58,2024-05-10 10:21:32.713080
254,255,55,3,46.61,2024-05-09 10:21:32.713080
255,256,56,4,37.85,2024-05-08 10:21:32.713080
256,257,57,1,80.16,2024-05-07 10:21:32.713080
257,258,58,2,62.98,2024-05-06 10:21:32.713080
258,259,59,3,77.99,2024-05-05 10:21:32.713080
259,260,60,4,0.56,2024-05-04 10:21:32.713080
260,261,61,1,46.3,2024-05-03 10:21:32.713080
261,262,62,2,42.55,2024-05-02 10:21:32.713080
262,263,63,3,7.63,2024-05-01 10:21:32.713080
263,264,64,4,78.26,2024-04-30 10:21:32.713080
264,265,65,1,76.58,2024-04-29 10:21:32.713080
265,266,66,2,97.76,2024-04-28 10:21:32.713080
266,267,67,3,78.01,2024-04-27 10:21:32.713080
267,268,68,4,74.82,2024-04-26 10:21:32.713080
268,269,69,1,75.3,2024-04-25 10:21:32.713080
269,270,70,2,52.5,2024-04-24 10:21:32.713080
270,271,71,3,65.28,2024-05-23 10:21:32.713080
271,272,72,4,66.78,2024-05-22 10:21:32.713080
272,273,73,1,6.92,2024-05-21 10:21:32.713080
273,274,74,2,84.72,2024-05-20 10:21:32.713080
274,275,75,3,21.81,2024-05-19 10:21:32.713080
275,276,76,4,2.15,2024-05-18 10:21:32.713080
276,277,77,1,5.06,2024-05-17 10:21:32.713080
277,278,78,2,53.55,2024-05-16 10:21:32.713080
278,279,79,3,83.36,2024-05-15 10:21:32.713080
279,280,80,4,73.75,2024-05-14 10:21:32.713080
280,281,81,1,1.14,2024-05-13 10:21:32.713080
281,282,82,2,78.05,2024-05-12 10:21:32.713080
282,283,83,3,71.89,2024-05-11 10:21:32.713080
283,284,84,4,77.32,2024-05-10 10:21:32.713080
284,285,85,1,2.53,2024-05-09 10:21:32.713080
285,286,86,2,25.16,2024-05-08 10:21:32.713080
286,287,87,3,23.95,2024-05-07 10:21:32.713080
287,288,88,4,8.65,2024-05-06 10:21:32.713080
288,289,89,1,69.36,2024-05-05 10:21:32.713080
289,290,90,2,34.87,2024-05-04 10:21:32.713080
290,291,91,3,20.35,2024-05-03 10:21:32.713080
291,292,92,4,76.44,2024-05-02 10:21:32.713080
292,293,93,1,23.24,2024-05-01 10:21:32.713080
293,294,94,2,31.35,2024-04-30 10:21:32.713080
294,295,95,3,50.14,2024-04-29 10:21:32.713080
295,296,96,4,13.94,2024-04-28 10:21:32.713080
296,297,97,1,36.48,2024-04-27 10:21:32.713080
297,298,98,2,42.46,2024-04-26 10:21:32.713080
298,299,99,3,68.83,2024-04-25 10:21:32.713080
299,300,100,4,64.31,2024-04-24 10:21:32.713080
300,301,1,1,36.28,2024-05-23 10:21:32.713080
301,302,2,2,70.3,2024-05-22 10:21:32.713080
302,303,3,3,65.56,2024-05-21 10:21:32.713080
303,304,4,4,62.7,2024-05-20 10:21:32.713080
304,305,5,1,1.11,2024-05-19 10:21:32.713080
305,306,6,2,88.76,2024-05-18 10:21:32.713080
306,307,7,3,31.76,2024-05-17 10:21:32.713080
307,308,8,4,10.42,2024-05-16 10:21:32.713080
308,309,9,1,28.09,2024-05-15 10:21:32.713080
309,310,10,2,79.9,2024-05-14 10:21:32.713080
310,311,11,3,92.78,2024-05-13 10:21:32.713080
311,312,12,4,41.86,2024-05-12 10:21:32.713080
312,313,13,1,11.34,2024-05-11 10:21:32.713080
313,314,14,2,17.15,2024-05-10 10:21:32.713080
314,315,15,3,20.38,2024-05-09 10:21:32.713080
315,316,16,4,94.55,2024-05-08 10:21:32.713080
316,317,17,1,69.39,2024-05-07 10:21:32.713080
317,318,18,2,66.58,2024-05-06 10:21:32.713080
318,319,19,3,22.33,2024-05-05 10:21:32.713080
319,320,20,4,21.16,2024-05-04 10:21:32.713080
320,321,21,1,71.97,2024-05-03 10:21:32.713080
321,322,22,2,12.9,2024-05-02 10:21:32.713080
322,323,23,3,17.67,2024-05-01 10:21:32.713080
323,324,24,4,10.83,2024-04-30 10:21:32.713080
324,325,25,1,84.49,2024-04-29 10:21:32.713080
325,326,26,2,8.87,2024-04-28 10:21:32.713080
326,327,27,3,19.41,2024-04-27 10:21:32.713080
327,328,28,4,9.39,2024-04-26 10:21:32.713080
328,329,29,1,44.39,2024-04-25 10:21:32.713080
329,330,30,2,68.9,2024-04-24 10:21:32.713080
330,331,31,3,42.48,2024-05-23 10:21:32.713080
331,332,32,4,66.28,2024-05-22 10:21:32.713080
332,333,33,1,16.73,2024-05-21 10:21:32.713080
333,334,34,2,55.81,2024-05-20 10:21:32.713080
334,335,35,3,70.11,2024-05-19 10:21:32.713080
335,336,36,4,35.45,2024-05-18 10:21:32.713080
336,337,37,1,56.63,2024-05-17 10:21:32.713080
337,338,38,2,47.27,2024-05-16 10:21:32.713080
338,339,39,3,29.01,2024-05-15 10:21:32.713080
339,340,40,4,95.58,2024-05-14 10:21:32.713080
340,341,41,1,20.52,2024-05-13 10:21:32.713080
341,342,42,2,80.27,2024-05-12 10:21:32.713080
342,343,43,3,51.29,2024-05-11 10:21:32.713080
343,344,44,4,6.7,2024-05-10 10:21:32.713080
344,345,45,1,63.38,2024-05-09 10:21:32.713080
345,346,46,2,0.46,2024-05-08 10:21:32.713080
346,347,47,3,41.38,2024-05-07 10:21:32.713080
347,348,48,4,28.41,2024-05-06 10:21:32.713080
348,349,49,1,79.5,2024-05-05 10:21:32.713080
349,350,50,2,44.04,2024-05-04 10:21:32.713080
350,351,51,3,12.36,2024-05-03 10:21:32.713080
351,352,52,4,74.75,2024-05-02 10:21:32.713080
352,353,53,1,34.8,2024-05-01 10:21:32.713080
353,354,54,2,87.59,2024-04-30 10:21:32.713080
354,355,55,3,85.06,2024-04-29 10:21:32.713080
355,356,56,4,69.44,2024-04-28 10:21:32.713080
356,357,57,1,36.87,2024-04-27 10:21:32.713080
357,358,58,2,54.64,2024-04-26 10:21:32.713080
358,359,59,3,47.86,2024-04-25 10:21:32.713080
359,360,60,4,52.79,2024-04-24 10:21:32.713080
360,361,61,1,93.62,2024-05-23 10:21:32.713080
361,362,62,2,12.98,2024-05-22 10:21:32.713080
362,363,63,3,99.7,2024-05-21 10:21:32.713080
363,364,64,4,53.21,2024-05-20 10:21:32.713080
364,365,65,1,45.37,2024-05-19 10:21:32.713080
365,1,66,2,73.52,2024-05-18 10:21:32.713080
366,2,67,3,27.79,2024-05-17 10:21:32.713080
367,3,68,4,19.89,2024-05-16 10:21:32.713080
368,4,69,1,2.58,2024-05-15 10:21:32.713080
369,5,70,2,98.77,2024-05-14 10:21:32.713080
370,6,71,3,12.65,2024-05-13 10:21:32.713080
371,7,72,4,54.47,2024-05-12 10:21:32.713080
372,8,73,1,59.67,2024-05-11 10:21:32.713080
373,9,74,2,24.18,2024-05-10 10:21:32.713080
374,10,75,3,3.82,2024-05-09 10:21:32.713080
375,11,76,4,46.44,2024-05-08 10:21:32.713080
376,12,77,1,44.3,2024-05-07 10:21:32.713080
377,13,78,2,48.78,2024-05-06 10:21:32.713080
378,14,79,3,31.03,2024-05-05 10:21:32.713080
379,15,80,4,74.79,2024-05-04 10:21:32.713080
380,16,81,1,23.34,2024-05-03 10:21:32.713080
381,17,82,2,11.14,2024-05-02 10:21:32.713080
382,18,83,3,83.64,2024-05-01 10:21:32.713080
383,19,84,4,59.19,2024-04-30 10:21:32.713080
384,20,85,1,67.7,2024-04-29 10:21:32.713080
385,21,86,2,56.35,2024-04-28 10:21:32.713080
386,22,87,3,36.0,2024-04-27 10:21:32.713080
387,23,88,4,37.67,2024-04-26 10:21:32.713080
388,24,89,1,95.61,2024-04-25 10:21:32.713080
389,25,90,2,59.5,2024-04-24 10:21:32.713080
390,26,91,3,70.29,2024-05-23 10:21:32.713080
391,27,92,4,15.2,2024-05-22 10:21:32.713080
392,28,93,1,84.3,2024-05-21 10:21:32.713080
393,29,94,2,60.26,2024-05-20 10:21:32.713080
394,30,95,3,18.73,2024-05-19 10:21:32.713080
395,31,96,4,65.82,2024-05-18 10:21:32.713080
396,32,97,1,56.46,2024-05-17 10:21:32.713080
397,33,98,2,74.38,2024-05-16 10:21:32.713080
398,34,99,3,39.63,2024-05-15 10:21:32.713080
399,35,100,4,97.87,2024-05-14 10:21:32.713080
400,36,1,1,82.85,2024-05-13 10:21:32.713080
401,37,2,2,8.61,2024-05-12 10:21:32.713080
402,38,3,3,51.42,2024-05-11 10:21:32.713080
403,39,4,4,82.7,2024-05-10 10:21:32.713080
404,40,5,1,71.4,2024-05-09 10:21:32.713080
405,41,6,2,78.97,2024-05-08 10:21:32.713080
406,42,7,3,35.89,2024-05-07 10:21:32.713080
407,43,8,4,73.13,2024-05-06 10:21:32.713080
408,44,9,1,2.92,2024-05-05 10:21:32.713080
409,45,10,2,26.34,2024-05-04 10:21:32.713080
410,46,11,3,22.68,2024-05-03 10:21:32.713080
411,47,12,4,14.11,2024-05-02 10:21:32.713080
412,48,13,1,18.77,2024-05-01 10:21:32.713080
413,49,14,2,17.32,2024-04-30 10:21:32.713080
414,50,15,3,4.95,2024-04-29 10:21:32.713080
415,51,16,4,28.67,2024-04-28 10:21:32.713080
416,52,17,1,23.37,2024-04-27 10:21:32.713080
417,53,18,2,62.36,2024-04-26 10:21:32.713080
418,54,19,3,69.04,2024-04-25 10:21:32.713080
419,55,20,4,70.87,2024-04-24 10:21:32.713080
420,56,21,1,72.02,2024-05-23 10:21:32.713080
421,57,22,2,90.36,2024-05-22 10:21:32.713080
422,58,23,3,29.27,2024-05-21 10:21:32.713080
423,59,24,4,25.15,2024-05-20 10:21:32.713080
424,60,25,1,95.07,2024-05-19 10:21:32.713080
425,61,26,2,2.58,2024-05-18 10:21:32.713080
426,62,27,3,25.62,2024-05-17 10:21:32.713080
427,63,28,4,78.28,2024-05-16 10:21:32.713080
428,64,29,1,71.81,2024-05-15 10:21:32.713080
429,65,30,2,97.6,2024-05-14 10:21:32.713080
430,66,31,3,86.99,2024-05-13 10:21:32.713080
431,67,32,4,8.54,2024-05-12 10:21:32.713080
432,68,33,1,93.32,2024-05-11 10:21:32.713080
433,69,34,2,87.14,2024-05-10 10:21:32.713080
434,70,35,3,64.46,2024-05-09 10:21:32.713080
435,71,36,4,64.98,2024-05-08 10:21:32.713080
436,72,37,1,10.77,2024-05-07 10:21:32.713080
437,73,38,2,31.94,2024-05-06 10:21:32.713080
438,74,39,3,25.57,2024-05-05 10:21:32.713080
439,75,40,4,89.54,2024-05-04 10:21:32.713080
440,76,41,1,77.07,2024-05-03 10:21:32.713080
441,77,42,2,38.41,2024-05-02 10:21:32.713080
442,78,43,3,18.86,2024-05-01 10:21:32.713080
443,79,44,4,41.53,2024-04-30 10:21:32.713080
444,80,45,1,52.62,2024-04-29 10:21:32.713080
445,81,46,2,80.88,2024-04-28 10:21:32.713080
446,82,47,3,11.85,2024-04-27 10:21:32.713080
447,83,48,4,63.52,2024-04-26 10:21:32.713080
448,84,49,1,60.12,2024-04-25 10:21:32.713080
449,85,50,2,7.28,2024-04-24 10:21:32.713080
450,86,51,3,20.5,2024-05-23 10:21:32.713080
451,87,52,4,78.15,2024-05-22 10:21:32.713080
452,88,53,1,36.82,2024-05-21 10:21:32.713080
453,89,54,2,52.72,2024-05-20 10:21:32.713080
454,90,55,3,54.13,2024-05-19 10:21:32.713080
455,91,56,4,40.42,2024-05-18 10:21:32.713080
456,92,57,1,79.37,2024-05-17 10:21:32.713080
457,93,58,2,15.21,2024-05-16 10:21:32.713080
458,94,59,3,1.22,2024-05-15 10:21:32.713080
459,95,60,4,49.43,2024-05-14 10:21:32.713080
460,96,61,1,66.96,2024-05-13 10:21:32.713080
461,97,62,2,69.1,2024-05-12 10:21:32.713080
462,98,63,3,30.44,2024-05-11 10:21:32.713080
463,99,64,4,5.19,2024-05-10 10:21:32.713080
464,100,65,1,70.5,2024-05-09 10:21:32.713080
465,101,66,2,91.41,2024-05-08 10:21:32.713080
466,102,67,3,66.8,2024-05-07 10:21:32.713080
467,103,68,4,98.12,2024-05-06 10:21:32.713080
468,104,69,1,79.49,2024-05-05 10:21:32.713080
469,105,70,2,33.18,2024-05-04 10:21:32.713080
470,106,71,3,71.15,2024-05-03 10:21:32.713080
471,107,72,4,4.95,2024-05-02 10:21:32.713080
472,108,73,1,47.58,2024-05-01 10:21:32.713080
473,109,74,2,90.28,2024-04-30 10:21:32.713080
474,110,75,3,73.45,2024-04-29 10:21:32.713080
475,111,76,4,50.99,2024-04-28 10:21:32.713080
476,112,77,1,19.11,2024-04-27 10:21:32.713080
477,113,78,2,66.22,2024-04-26 10:21:32.713080
478,114,79,3,3.5,2024-04-25 10:21:32.713080
479,115,80,4,88.78,2024-04-24 10:21:32.713080
480,116,81,1,30.82,2024-05-23 10:21:32.713080
481,117,82,2,95.51,2024-05-22 10:21:32.713080
482,118,83,3,45.11,2024-05-21 10:21:32.713080
483,119,84,4,2.14,2024-05-20 10:21:32.713080
484,120,85,1,21.44,2024-05-19 10:21:32.713080
485,121,86,2,54.14,2024-05-18 10:21:32.713080
486,122,87,3,28.23,2024-05-17 10:21:32.713080
487,123,88,4,20.73,2024-05-16 10:21:32.713080
488,124,89,1,34.06,2024-05-15 10:21:32.713080
489,125,90,2,2.29,2024-05-14 10:21:32.713080
490,126,91,3,25.1,2024-05-13 10:21:32.713080
491,127,92,4,29.28,2024-05-12 10:21:32.713080
492,128,93,1,74.29,2024-05-11 10:21:32.713080
493,129,94,2,34.19,2024-05-10 10:21:32.713080
494,130,95,3,65.06,2024-05-09 10:21:32.713080
495,131,96,4,32.36,2024-05-08 10:21:32.713080
496,132,97,1,90.58,2024-05-07 10:21:32.713080
497,133,98,2,21.1,2024-05-06 10:21:32.713080
498,134,99,3,34.71,2024-05-05 10:21:32.713080
499,135,100,4,13.89,2024-05-04 10:21:32.713080
500,136,1,1,68.06,2024-05-03 10:21:32.713080
